epoch,accuracy,epoch_duration,loss,total_time,val_accuracy,val_loss
0,0.8187313675880432,33.893877029418945,5.541914463043213,34.07589054107666,0.8308027386665344,1.70575749874115
1,0.8237079977989197,22.163012266159058,1.7471040487289429,56.31134843826294,0.8308027386665344,1.711509108543396
2,0.8237079977989197,20.732644081115723,1.742276668548584,77.05074691772461,0.8308027386665344,1.7197858095169067
3,0.8237079977989197,19.70277237892151,1.7405833005905151,96.76015996932983,0.8308027386665344,1.7259740829467773
4,0.8237079977989197,19.832873344421387,1.7394753694534302,116.60143327713013,0.8308027386665344,1.7308917045593262
5,0.8237079977989197,18.912569999694824,1.7383967638015747,135.52153515815735,0.8308027386665344,1.7350555658340454
