epoch,accuracy,epoch_duration,loss,total_time,val_accuracy,val_loss
0,0.6916192173957825,26.98300266265869,9.686408042907715,27.15872550010681,0.8308027386665344,9.417418479919434
1,0.8237079977989197,17.656018495559692,9.106629371643066,44.85667943954468,0.8308027386665344,8.764749526977539
2,0.8237079977989197,15.93801212310791,8.393531799316406,60.80095314979553,0.8308027386665344,7.975027084350586
3,0.8237079977989197,14.816960096359253,7.484982490539551,75.6228461265564,0.8308027386665344,6.966953754425049
4,0.8237079977989197,15.05171823501587,6.571860313415527,90.6829571723938,0.8308027386665344,6.203362941741943
5,0.8237079977989197,14.823354005813599,5.904885292053223,105.5116937160492,0.8308027386665344,5.595954895019531
