epoch,accuracy,epoch_duration,loss,total_time,val_accuracy,val_loss
0,0.00016790394147392362,32.21948480606079,10.184991836547852,32.289655685424805,0.0,9.943695068359375
1,2.563419002399314e-06,26.259161233901978,9.945816993713379,58.579020738601685,0.0,9.957008361816406
2,0.0007741525187157094,22.256768226623535,10.43607234954834,80.84161710739136,0.0052191209979355335,13.394279479980469
3,0.0046936203725636005,21.433288097381592,12.57166576385498,102.28782296180725,0.0052191209979355335,11.420125007629395
4,0.00048320446512661874,21.249152660369873,10.093012809753418,123.54211902618408,0.0,9.943666458129883
5,2.563419002399314e-06,20.428914308547974,9.943695068359375,143.97960996627808,0.0,9.943666458129883
6,2.563419002399314e-06,23.61607074737549,9.943695068359375,167.60097002983093,0.0,9.943666458129883
7,2.563419002399314e-06,20.794193744659424,9.943695068359375,188.40086793899536,0.0,9.943666458129883
