epoch,accuracy,epoch_duration,loss,total_time,val_accuracy,val_loss
0,0.8169808387756348,113.0925760269165,2.3418312072753906,113.1289451122284,0.823975145816803,1.998523235321045
1,0.8234278559684753,117.55103087425232,1.9548457860946655,230.68078303337097,0.8262155652046204,2.1090943813323975
2,0.8225383758544922,118.06588888168335,1.8949030637741089,348.7485680580139,0.8196378350257874,1.9003630876541138
3,0.8218474984169006,118.62765121459961,1.87093985080719,467.3775632381439,0.8192123174667358,1.896242618560791
4,0.8224576115608215,119.72703623771667,1.932791829109192,587.1059591770172,0.819145679473877,1.8933967351913452
5,0.817510187625885,120.84627294540405,2.111999034881592,707.9530301094055,0.8229036331176758,2.0964953899383545
6,0.8228882551193237,120.5501070022583,1.9517182111740112,828.504643201828,0.8192789554595947,1.8928719758987427
